customerID,gender,SeniorCitizen,tenure,PhoneService,InternetService,MonthlyCharges,TotalCharges,Churn
CUST00001,Female,0,41,Yes,DSL,90.34,3577.44,No
CUST00002,Female,0,1,Yes,Fiber optic,95.45,103.97,No
CUST00003,Female,1,16,Yes,Fiber optic,28.16,561.41,Yes
CUST00004,Female,0,63,Yes,DSL,50.57,3265.38,No
CUST00005,Male,0,54,Yes,DSL,68.18,3212.07,No
CUST00006,Male,0,1,Yes,DSL,77.16,72.7,Yes
CUST00007,Female,0,5,No,DSL,73.71,344.48,Yes
CUST00008,Male,0,60,Yes,Fiber optic,93.14,5200.41,No
CUST00009,Female,0,4,Yes,Fiber optic,100.19,390.1,No
CUST00010,Male,0,7,No,Fiber optic,67.28,439.2,Yes
CUST00011,Female,0,23,Yes,DSL,57.12,1516.2,No
CUST00012,Male,0,4,No,Fiber optic,86.28,315.33,Yes
CUST00013,Male,0,47,Yes,Fiber optic,63.36,,No
CUST00014,Male,0,54,Yes,DSL,47.39,2351.68,No
CUST00015,Female,0,42,No,DSL,66.81,,No
CUST00016,Female,0,61,No,DSL,83.59,5661.78,No
CUST00017,Male,0,6,No,Fiber optic,89.19,543.57,No
CUST00018,Male,0,64,No,Fiber optic,42.64,3021.65,No
CUST00019,Female,0,20,Yes,DSL,35.25,779.72,No
CUST00020,Female,0,5,No,Fiber optic,82.99,410.52,Yes
CUST00021,Male,0,46,No,Fiber optic,97.24,4245.19,Yes
CUST00022,Male,0,66,Yes,DSL,50.84,3526.68,No
CUST00023,Female,0,12,Yes,No,36.35,411.78,No
CUST00024,Female,0,32,Yes,DSL,20.23,450.0,No
CUST00025,Male,0,62,No,Fiber optic,94.38,6325.76,No
CUST00026,Male,0,22,Yes,DSL,39.05,857.46,No
CUST00027,Male,0,7,No,DSL,107.02,768.11,No
CUST00028,Female,1,9,No,DSL,103.67,850.95,No
CUST00029,Male,0,13,Yes,DSL,64.9,903.79,No
CUST00030,Male,0,51,No,DSL,28.93,1146.65,No
CUST00031,Female,0,4,No,Fiber optic,97.74,396.17,Yes
CUST00032,Female,0,5,Yes,No,95.67,464.0,Yes
CUST00033,Male,0,38,Yes,DSL,37.26,1493.33,No
CUST00034,Female,0,68,Yes,DSL,77.56,4884.29,No
CUST00035,Female,0,19,No,DSL,76.74,1427.51,No
CUST00036,Female,0,9,No,Fiber optic,97.55,811.91,Yes
CUST00037,Male,0,20,Yes,No,51.98,1042.24,No
CUST00038,Female,0,6,No,Fiber optic,73.6,460.65,No
CUST00039,Female,0,34,No,Fiber optic,78.76,,Yes
CUST00040,Male,1,7,No,Fiber optic,73.43,518.92,Yes
CUST00041,Female,0,68,No,No,65.39,3784.75,No
CUST00042,Male,0,51,Yes,Fiber optic,28.05,1376.31,No
CUST00043,Female,0,24,Yes,Fiber optic,36.22,806.36,No
CUST00044,Female,0,24,No,DSL,69.7,1888.79,No
CUST00045,Male,0,11,No,No,82.82,984.17,Yes
CUST00046,Female,0,67,Yes,No,27.66,,No
CUST00047,Female,0,54,No,Fiber optic,29.33,2102.58,No
CUST00048,Male,0,20,Yes,Fiber optic,99.84,2183.12,No
CUST00049,Female,0,53,Yes,No,44.41,,No
CUST00050,Male,0,21,Yes,Fiber optic,45.33,1069.58,No
CUST00051,Male,0,11,Yes,Fiber optic,86.25,899.5,No
CUST00052,Male,0,37,Yes,No,21.97,1025.22,No
CUST00053,Female,0,48,Yes,DSL,97.87,5025.17,No
CUST00054,Male,0,68,Yes,Fiber optic,25.93,1567.74,Yes
CUST00055,Female,0,0,Yes,Fiber optic,72.54,,No
CUST00056,Female,0,5,Yes,DSL,61.56,356.96,No
CUST00057,Female,0,10,No,Fiber optic,90.96,855.67,No
CUST00058,Female,0,1,Yes,DSL,84.04,83.02,Yes
CUST00059,Male,0,39,No,Fiber optic,69.56,2641.94,No
CUST00060,Female,0,22,No,Fiber optic,42.26,1062.83,No
CUST00061,Male,0,27,Yes,Fiber optic,74.79,2172.35,No
CUST00062,Female,0,11,No,Fiber optic,88.34,989.69,Yes
CUST00063,Female,0,7,Yes,No,80.23,544.56,No
CUST00064,Female,0,57,No,DSL,90.45,5492.38,No
CUST00065,Female,0,8,Yes,No,99.19,727.46,Yes
CUST00066,Female,0,16,No,Fiber optic,55.55,1007.73,No
CUST00067,Female,0,72,Yes,DSL,84.7,6137.53,No
CUST00068,Female,0,12,No,Fiber optic,38.81,368.28,No
CUST00069,Female,0,22,No,DSL,80.59,1637.25,No
CUST00070,Male,0,12,No,No,74.14,771.6,No
CUST00071,Female,0,34,Yes,No,86.68,2770.02,No
CUST00072,Female,0,67,Yes,Fiber optic,34.63,1767.12,No
CUST00073,Female,0,11,Yes,No,70.0,842.18,No
CUST00074,Male,0,13,Yes,Fiber optic,52.97,568.03,Yes
CUST00075,Female,0,71,Yes,Fiber optic,48.16,3157.57,No
CUST00076,Male,0,7,No,DSL,98.83,642.21,Yes
CUST00077,Male,0,24,No,Fiber optic,44.95,891.4,No
CUST00078,Female,0,1,Yes,No,104.35,94.65,No
CUST00079,Female,0,48,No,DSL,51.74,2847.73,No
CUST00080,Male,1,12,Yes,Fiber optic,31.31,315.79,Yes
CUST00081,Male,0,5,Yes,DSL,83.59,397.45,Yes
CUST00082,Female,1,12,Yes,Fiber optic,55.63,653.18,Yes
CUST00083,Female,1,26,Yes,DSL,59.06,1738.5,Yes
CUST00084,Male,0,35,No,No,93.7,2990.15,No
CUST00085,Female,0,31,No,Fiber optic,70.64,2069.51,Yes
CUST00086,Male,1,35,Yes,Fiber optic,70.76,2459.86,Yes
CUST00087,Female,0,39,Yes,DSL,61.87,2421.65,No
CUST00088,Female,0,13,Yes,Fiber optic,47.35,540.71,No
CUST00089,Male,0,18,No,Fiber optic,29.62,455.7,No
CUST00090,Male,0,72,No,Fiber optic,88.32,6138.98,Yes
CUST00091,Female,0,7,No,No,86.57,673.24,Yes
CUST00092,Female,0,22,No,DSL,75.03,1559.6,No
CUST00093,Female,0,35,Yes,DSL,97.76,3524.66,No
CUST00094,Female,0,0,Yes,DSL,95.14,,Yes
CUST00095,Male,0,39,Yes,DSL,70.55,2937.12,No
CUST00096,Female,0,9,No,Fiber optic,71.7,670.3,No
CUST00097,Female,0,66,No,Fiber optic,63.28,,Yes
CUST00098,Female,0,10,Yes,DSL,71.56,641.02,No
CUST00099,Female,1,42,No,DSL,38.49,1303.91,Yes
CUST00100,Male,0,15,Yes,Fiber optic,95.35,1443.04,Yes
CUST00101,Male,1,49,Yes,DSL,89.53,4202.74,No
CUST00102,Female,0,50,No,No,39.09,2182.78,No
CUST00103,Male,0,6,Yes,DSL,89.44,523.1,No
CUST00104,Male,0,19,Yes,No,41.51,686.27,No
CUST00105,Male,0,10,Yes,No,96.42,994.41,Yes
CUST00106,Female,0,47,Yes,No,35.11,1912.66,No
CUST00107,Female,0,6,No,No,91.73,584.12,Yes
CUST00108,Male,0,65,No,Fiber optic,74.21,4970.72,Yes
CUST00109,Male,0,12,Yes,Fiber optic,69.74,779.0,Yes
CUST00110,Female,0,20,Yes,Fiber optic,80.56,1674.03,No
CUST00111,Female,0,25,Yes,DSL,38.42,890.19,No
CUST00112,Female,0,13,Yes,Fiber optic,60.46,664.28,Yes
CUST00113,Male,0,9,No,DSL,107.58,979.84,Yes
CUST00114,Male,0,40,No,DSL,77.82,3398.04,No
CUST00115,Male,1,10,No,No,108.17,1125.92,No
CUST00116,Female,0,42,No,No,39.61,,No
CUST00117,Male,0,19,Yes,Fiber optic,74.33,1560.23,No
CUST00118,Female,0,21,No,Fiber optic,32.18,680.07,No
CUST00119,Female,0,3,Yes,DSL,80.55,250.27,No
CUST00120,Female,0,3,Yes,Fiber optic,88.17,247.6,Yes
CUST00121,Male,1,15,Yes,DSL,82.1,1126.67,Yes
CUST00122,Female,0,5,Yes,DSL,61.35,267.18,No
CUST00123,Female,0,6,No,No,90.05,533.93,No
CUST00124,Male,1,67,Yes,No,43.26,3064.69,Yes
CUST00125,Male,0,21,Yes,No,45.89,1006.6,No
CUST00126,Male,1,9,Yes,No,72.73,689.64,Yes
CUST00127,Male,0,25,Yes,DSL,96.41,2594.59,No
CUST00128,Male,0,11,Yes,No,85.32,838.22,No
CUST00129,Male,0,13,No,No,57.72,746.47,No
CUST00130,Female,0,9,Yes,DSL,60.32,527.96,No
CUST00131,Female,0,56,No,Fiber optic,24.89,1863.4,Yes
CUST00132,Female,0,48,No,Fiber optic,22.15,944.19,No
CUST00133,Male,0,51,No,DSL,58.3,2614.98,No
CUST00134,Female,0,66,No,Fiber optic,24.15,1284.22,Yes
CUST00135,Male,0,12,Yes,Fiber optic,64.64,800.55,Yes
CUST00136,Female,1,12,Yes,No,80.51,,No
CUST00137,Female,0,10,No,DSL,74.23,827.98,No
CUST00138,Female,1,4,No,DSL,62.06,213.01,No
CUST00139,Female,0,62,No,DSL,41.17,2299.48,No
CUST00140,Female,0,71,No,DSL,91.7,6530.8,No
CUST00141,Male,0,12,Yes,Fiber optic,45.79,601.13,No
CUST00142,Female,0,41,No,No,90.7,3974.23,No
CUST00143,Female,0,32,Yes,Fiber optic,67.31,2347.95,No
CUST00144,Male,0,30,Yes,DSL,20.92,728.37,No
CUST00145,Male,0,7,Yes,DSL,78.92,504.13,Yes
CUST00146,Female,0,10,Yes,No,85.0,917.53,No
CUST00147,Male,0,61,No,Fiber optic,53.29,2814.08,No
CUST00148,Male,0,65,No,Fiber optic,59.02,4398.4,No
CUST00149,Female,0,49,No,Fiber optic,85.74,3931.98,Yes
CUST00150,Female,0,27,Yes,DSL,31.8,,No
CUST00151,Female,1,0,No,Fiber optic,83.73,,Yes
CUST00152,Female,0,10,Yes,DSL,66.22,636.65,No
CUST00153,Male,1,11,Yes,Fiber optic,82.47,857.58,No
CUST00154,Female,0,54,Yes,Fiber optic,39.77,2249.08,No
CUST00155,Female,0,61,Yes,DSL,75.26,4181.07,No
CUST00156,Female,0,8,No,Fiber optic,68.88,581.84,No
CUST00157,Female,0,11,Yes,DSL,108.15,1221.47,No
CUST00158,Female,0,13,No,DSL,81.63,1165.99,No
CUST00159,Female,0,56,No,DSL,41.41,1930.91,No
CUST00160,Male,0,51,No,No,73.22,3906.35,No
CUST00161,Female,0,7,Yes,Fiber optic,70.89,448.7,Yes
CUST00162,Male,0,20,Yes,DSL,59.05,1335.52,No
CUST00163,Female,0,10,Yes,Fiber optic,108.55,1016.16,No
CUST00164,Female,0,10,No,Fiber optic,90.52,828.95,Yes
CUST00165,Female,0,0,Yes,No,84.64,,No
CUST00166,Male,1,10,No,No,83.47,881.38,No
CUST00167,Male,1,32,Yes,Fiber optic,22.3,590.59,Yes
CUST00168,Female,0,32,No,DSL,30.92,863.15,No
CUST00169,Female,0,7,Yes,DSL,80.73,630.3,Yes
CUST00170,Male,0,69,No,DSL,44.35,3161.62,No
CUST00171,Female,0,23,No,DSL,79.7,1644.85,No
CUST00172,Female,0,9,No,DSL,100.2,838.39,Yes
CUST00173,Female,0,45,No,DSL,86.73,3527.61,No
CUST00174,Female,0,0,Yes,DSL,98.8,,No
CUST00175,Male,0,58,Yes,DSL,61.65,4009.81,No
CUST00176,Female,0,12,No,Fiber optic,50.88,,Yes
CUST00177,Female,0,64,Yes,No,85.68,5410.56,No
CUST00178,Female,0,59,No,DSL,37.81,2474.16,No
CUST00179,Female,0,36,Yes,Fiber optic,96.06,3394.46,No
CUST00180,Male,0,7,Yes,Fiber optic,77.56,567.69,Yes
CUST00181,Male,1,4,No,DSL,88.18,,Yes
CUST00182,Male,0,21,No,Fiber optic,78.01,1523.19,No
CUST00183,Male,0,67,Yes,DSL,32.33,,No
CUST00184,Male,1,65,Yes,DSL,71.38,4115.34,No
CUST00185,Female,0,3,No,DSL,64.01,201.91,No
CUST00186,Male,1,25,No,Fiber optic,43.32,1024.06,Yes
CUST00187,Female,0,24,No,Fiber optic,66.74,1804.26,Yes
CUST00188,Female,0,10,Yes,Fiber optic,82.08,815.32,No
CUST00189,Female,0,11,Yes,DSL,89.79,1006.45,Yes
CUST00190,Female,0,43,Yes,DSL,44.17,1778.38,No
CUST00191,Female,0,6,No,DSL,104.33,641.59,No
CUST00192,Male,0,5,No,DSL,79.51,399.75,Yes
CUST00193,Female,0,57,Yes,DSL,93.63,5905.85,No
CUST00194,Female,0,34,Yes,DSL,83.99,2601.27,No
CUST00195,Female,0,47,No,DSL,24.18,908.14,No
CUST00196,Female,0,5,No,Fiber optic,87.12,485.2,Yes
CUST00197,Male,0,65,Yes,No,91.12,6432.16,No
CUST00198,Female,0,9,Yes,DSL,66.1,658.86,No
CUST00199,Female,0,42,Yes,DSL,25.46,1354.32,No
CUST00200,Male,0,10,Yes,Fiber optic,71.26,693.32,Yes
CUST00201,Male,1,58,No,Fiber optic,22.55,1792.68,Yes
CUST00202,Male,0,44,No,DSL,83.74,3799.71,No
CUST00203,Male,0,44,Yes,No,88.94,3684.57,No
CUST00204,Male,0,4,No,Fiber optic,62.69,273.68,No
CUST00205,Male,0,24,Yes,DSL,54.42,1384.87,No
CUST00206,Male,0,0,No,DSL,95.51,,No
CUST00207,Female,0,58,Yes,No,25.47,1094.94,No
CUST00208,Female,0,22,Yes,DSL,29.74,527.12,No
CUST00209,Female,1,2,No,DSL,91.53,170.1,No
CUST00210,Male,0,38,No,DSL,42.8,1633.93,No
CUST00211,Female,1,1,No,Fiber optic,106.26,109.05,Yes
CUST00212,Female,1,42,No,Fiber optic,43.81,1822.54,No
CUST00213,Male,0,10,No,DSL,102.87,947.66,Yes
CUST00214,Female,0,1,Yes,DSL,67.09,57.71,No
CUST00215,Female,0,20,No,Fiber optic,63.33,1109.62,No
CUST00216,Female,0,0,Yes,No,84.35,,Yes
CUST00217,Female,0,10,No,No,62.1,568.15,No
CUST00218,Female,0,59,Yes,Fiber optic,79.53,5209.55,No
CUST00219,Female,1,2,Yes,No,61.04,104.27,No
CUST00220,Female,0,6,No,DSL,64.59,,No
CUST00221,Male,1,23,No,Fiber optic,97.27,2279.66,Yes
CUST00222,Male,0,0,Yes,Fiber optic,104.87,,Yes
CUST00223,Male,0,27,Yes,No,32.99,844.8,No
CUST00224,Female,0,5,Yes,Fiber optic,100.63,485.91,No
CUST00225,Female,0,11,No,No,90.43,965.29,No
CUST00226,Female,1,7,Yes,Fiber optic,63.29,504.97,No
CUST00227,Male,0,7,Yes,Fiber optic,79.87,,No
CUST00228,Female,0,34,No,No,50.48,1609.01,No
CUST00229,Male,0,3,Yes,DSL,106.27,332.9,Yes
CUST00230,Female,0,61,No,DSL,57.99,2961.85,No
CUST00231,Female,0,16,Yes,No,68.5,1063.6,No
CUST00232,Female,0,6,Yes,Fiber optic,102.55,610.92,Yes
CUST00233,Male,0,58,No,No,43.87,2607.13,No
CUST00234,Male,0,6,No,Fiber optic,63.75,324.11,Yes
CUST00235,Female,0,12,Yes,Fiber optic,92.68,1060.92,Yes
CUST00236,Male,0,17,No,No,60.44,1153.27,No
CUST00237,Female,0,59,Yes,Fiber optic,34.87,1961.61,No
CUST00238,Male,0,23,Yes,DSL,87.08,1870.23,No
CUST00239,Female,0,6,No,Fiber optic,62.15,322.59,No
CUST00240,Female,1,59,Yes,DSL,92.43,5454.83,No
CUST00241,Male,0,66,No,Fiber optic,85.07,5170.37,No
CUST00242,Female,0,19,Yes,DSL,99.07,2024.37,No
CUST00243,Male,0,1,Yes,DSL,72.03,68.44,No
CUST00244,Male,0,28,Yes,DSL,45.55,1508.64,No
CUST00245,Male,1,40,No,DSL,71.77,2891.25,No
CUST00246,Female,0,1,Yes,Fiber optic,95.1,99.83,No
CUST00247,Male,0,67,No,DSL,89.57,5828.57,No
CUST00248,Male,1,2,No,Fiber optic,91.84,164.5,No
CUST00249,Male,0,1,Yes,DSL,102.17,94.05,Yes
CUST00250,Male,0,2,No,No,68.82,155.32,No
CUST00251,Female,0,42,No,DSL,42.18,1789.37,No
CUST00252,Female,0,7,No,DSL,66.54,411.66,No
CUST00253,Female,0,18,Yes,DSL,21.39,361.72,No
CUST00254,Female,1,6,Yes,DSL,99.21,622.01,No
CUST00255,Female,1,31,Yes,DSL,68.47,1981.57,No
CUST00256,Female,0,72,Yes,Fiber optic,81.79,6096.48,Yes
CUST00257,Female,0,0,Yes,Fiber optic,101.73,,Yes
CUST00258,Male,0,26,Yes,Fiber optic,44.93,921.53,Yes
CUST00259,Female,1,5,No,DSL,95.52,487.04,No
CUST00260,Female,0,11,No,DSL,69.77,814.0,No
CUST00261,Female,0,66,Yes,DSL,57.72,3435.56,No
CUST00262,Male,0,9,Yes,Fiber optic,70.72,693.34,Yes
CUST00263,Male,0,10,Yes,DSL,89.34,827.9,Yes
CUST00264,Male,0,30,Yes,Fiber optic,71.94,1919.61,No
CUST00265,Female,0,9,Yes,Fiber optic,91.4,849.27,Yes
CUST00266,Male,0,12,No,Fiber optic,58.14,593.57,No
CUST00267,Female,1,6,No,No,73.58,450.81,No
CUST00268,Female,0,8,No,No,105.93,,Yes
CUST00269,Female,0,66,No,No,82.17,5243.77,No
CUST00270,Male,0,51,No,No,75.99,3447.64,No
CUST00271,Female,0,53,No,DSL,88.45,5182.54,No
CUST00272,Female,0,16,Yes,DSL,94.53,1597.55,No
CUST00273,Male,0,1,No,Fiber optic,71.08,68.51,No
CUST00274,Male,0,2,Yes,DSL,61.36,,No
CUST00275,Male,0,14,Yes,DSL,21.03,279.34,No
CUST00276,Male,0,18,Yes,DSL,82.52,1572.4,No
CUST00277,Male,0,41,Yes,Fiber optic,84.97,3674.3,No
CUST00278,Male,0,26,No,No,61.77,1810.29,No
CUST00279,Male,0,1,Yes,Fiber optic,104.9,107.85,Yes
CUST00280,Female,1,72,No,Fiber optic,56.04,3909.83,No
CUST00281,Female,0,3,Yes,DSL,102.91,278.77,No
CUST00282,Female,0,13,Yes,Fiber optic,66.51,954.85,No
CUST00283,Female,1,1,Yes,DSL,61.89,63.36,No
CUST00284,Female,1,6,Yes,DSL,96.97,548.35,Yes
CUST00285,Male,0,10,No,No,107.53,1038.71,Yes
CUST00286,Female,0,10,No,Fiber optic,95.78,918.61,Yes
CUST00287,Male,1,1,Yes,DSL,86.0,,Yes
CUST00288,Female,0,7,No,Fiber optic,77.57,507.45,No
CUST00289,Male,0,45,No,Fiber optic,87.96,4316.34,No
CUST00290,Female,0,11,No,No,66.15,721.38,No
CUST00291,Male,0,68,Yes,Fiber optic,39.68,2843.76,No
CUST00292,Male,0,34,Yes,Fiber optic,47.54,1642.62,No
CUST00293,Female,0,8,No,Fiber optic,88.34,647.44,No
CUST00294,Male,0,5,Yes,Fiber optic,75.32,329.93,Yes
CUST00295,Female,1,3,No,No,108.29,339.02,Yes
CUST00296,Male,0,4,Yes,DSL,72.57,303.05,No
CUST00297,Male,0,11,No,DSL,67.53,830.42,No
CUST00298,Male,0,45,No,DSL,36.28,1942.3,No
CUST00299,Female,0,6,Yes,DSL,80.03,506.73,Yes
CUST00300,Male,0,46,Yes,No,95.12,4128.3,No
CUST00301,Male,0,2,Yes,DSL,81.66,150.43,Yes
CUST00302,Male,0,26,Yes,DSL,50.24,1430.7,No
CUST00303,Male,0,1,No,No,104.29,109.88,Yes
CUST00304,Male,0,28,No,Fiber optic,68.06,2132.64,Yes
CUST00305,Male,0,14,No,DSL,24.16,293.48,No
CUST00306,Female,0,58,Yes,No,28.74,1554.18,No
CUST00307,Female,1,4,No,DSL,71.92,309.98,No
CUST00308,Female,0,10,Yes,DSL,68.79,749.87,No
CUST00309,Male,0,7,No,DSL,75.93,537.56,Yes
CUST00310,Male,0,41,No,DSL,63.99,2962.82,No
CUST00311,Female,0,56,No,Fiber optic,40.31,2706.21,No
CUST00312,Female,1,48,No,DSL,69.92,2888.68,Yes
CUST00313,Male,1,3,Yes,Fiber optic,95.89,314.78,Yes
CUST00314,Male,1,1,No,Fiber optic,64.73,,No
CUST00315,Male,0,4,Yes,DSL,87.88,313.89,Yes
CUST00316,Male,0,3,No,DSL,79.41,250.3,Yes
CUST00317,Male,0,1,Yes,Fiber optic,101.38,98.59,Yes
CUST00318,Female,0,56,Yes,Fiber optic,57.56,3325.57,Yes
CUST00319,Male,0,10,No,DSL,94.34,967.17,Yes
CUST00320,Male,0,48,Yes,No,93.92,4492.6,No
CUST00321,Female,0,49,Yes,DSL,36.98,1514.2,No
CUST00322,Female,0,36,No,DSL,70.13,2717.2,No
CUST00323,Female,0,24,No,DSL,58.01,1420.45,No
CUST00324,Male,0,20,Yes,Fiber optic,97.72,1761.75,No
CUST00325,Male,0,67,Yes,DSL,58.14,3370.45,No
CUST00326,Female,0,42,No,Fiber optic,50.96,1738.66,Yes
CUST00327,Female,1,66,Yes,No,92.65,6507.91,Yes
CUST00328,Female,0,14,No,DSL,46.6,729.3,No
CUST00329,Male,0,15,Yes,DSL,54.99,800.89,No
CUST00330,Female,1,31,No,Fiber optic,21.76,945.59,No
CUST00331,Male,1,48,No,DSL,60.08,3161.5,No
CUST00332,Female,0,15,No,DSL,36.94,700.25,No
CUST00333,Male,0,12,No,DSL,47.33,459.9,No
CUST00334,Male,1,4,No,DSL,101.96,402.03,No
CUST00335,Female,0,6,Yes,No,82.96,443.9,Yes
CUST00336,Female,0,60,No,Fiber optic,55.36,3264.74,No
CUST00337,Male,0,34,No,No,22.53,570.75,No
CUST00338,Male,0,53,No,Fiber optic,57.43,3041.72,No
CUST00339,Female,0,8,No,DSL,63.87,582.08,No
CUST00340,Male,0,1,Yes,No,101.2,103.24,No
CUST00341,Male,0,6,Yes,Fiber optic,76.25,435.32,No
CUST00342,Female,1,34,No,DSL,21.77,671.93,No
CUST00343,Female,0,1,Yes,Fiber optic,65.66,65.77,No
CUST00344,Female,1,49,Yes,DSL,40.29,2353.89,No
CUST00345,Male,0,28,No,DSL,29.05,,No
CUST00346,Male,0,9,Yes,No,94.8,925.1,Yes
CUST00347,Female,0,1,Yes,Fiber optic,85.6,90.3,Yes
CUST00348,Female,0,25,No,No,92.5,2399.33,No
CUST00349,Male,0,18,Yes,No,32.8,595.01,No
CUST00350,Female,0,62,Yes,Fiber optic,35.68,2802.71,No
CUST00351,Male,0,17,No,No,96.85,1611.39,No
CUST00352,Female,1,32,Yes,DSL,59.34,2002.8,No
CUST00353,Female,0,66,Yes,DSL,53.9,3075.28,No
CUST00354,Male,0,3,No,DSL,64.25,219.38,No
CUST00355,Female,1,62,No,DSL,51.45,2929.4,No
CUST00356,Female,1,37,No,Fiber optic,74.55,2800.35,No
CUST00357,Male,0,9,No,DSL,78.04,718.57,Yes
CUST00358,Female,0,2,No,Fiber optic,86.77,168.72,Yes
CUST00359,Male,0,55,Yes,DSL,24.81,1732.38,No
CUST00360,Male,0,0,No,No,85.54,,Yes
CUST00361,Male,0,37,No,DSL,92.23,3241.8,No
CUST00362,Female,0,15,No,Fiber optic,54.75,705.2,No
CUST00363,Male,0,36,Yes,Fiber optic,58.19,1769.27,No
CUST00364,Female,0,38,No,Fiber optic,23.9,1076.02,No
CUST00365,Male,0,9,Yes,Fiber optic,64.54,546.92,No
CUST00366,Male,0,19,No,DSL,20.94,213.28,No
CUST00367,Male,0,10,No,No,100.26,984.61,No
CUST00368,Female,0,11,No,No,70.86,855.91,Yes
CUST00369,Female,1,57,Yes,DSL,83.61,4640.98,No
CUST00370,Female,0,6,Yes,No,100.41,571.55,Yes
CUST00371,Male,0,39,Yes,DSL,40.64,1608.86,No
CUST00372,Female,1,64,No,Fiber optic,89.46,5676.36,No
CUST00373,Female,0,8,No,No,101.73,737.92,No
CUST00374,Female,1,3,No,DSL,92.27,290.18,Yes
CUST00375,Female,1,35,No,Fiber optic,99.46,3349.09,No
CUST00376,Female,0,8,Yes,DSL,66.58,494.38,No
CUST00377,Male,0,34,No,No,72.66,2449.51,No
CUST00378,Male,0,17,No,DSL,63.44,1188.09,No
CUST00379,Male,0,57,No,No,48.82,2488.9,No
CUST00380,Female,0,29,No,DSL,35.15,1116.46,No
CUST00381,Male,0,11,No,DSL,71.05,801.96,Yes
CUST00382,Female,0,5,No,Fiber optic,75.56,341.98,Yes
CUST00383,Female,0,10,Yes,No,85.82,847.69,Yes
CUST00384,Male,0,50,Yes,DSL,84.42,4077.45,No
CUST00385,Male,0,64,No,DSL,53.06,3696.01,No
CUST00386,Male,1,0,No,DSL,107.5,,Yes
CUST00387,Male,1,23,Yes,DSL,37.25,941.1,No
CUST00388,Male,0,8,Yes,Fiber optic,67.12,519.1,No
CUST00389,Male,1,4,No,DSL,98.47,377.92,No
CUST00390,Male,1,44,No,Fiber optic,96.44,4249.56,No
CUST00391,Male,0,40,No,Fiber optic,90.92,3742.71,No
CUST00392,Male,0,63,Yes,Fiber optic,48.73,3583.07,No
CUST00393,Female,0,2,Yes,DSL,82.69,,Yes
CUST00394,Female,0,6,Yes,DSL,99.51,557.69,No
CUST00395,Female,0,22,Yes,No,88.92,1941.27,No
CUST00396,Female,0,36,Yes,Fiber optic,30.55,989.48,Yes
CUST00397,Female,0,11,Yes,Fiber optic,67.81,821.63,Yes
CUST00398,Male,0,71,No,DSL,99.04,7557.01,No
CUST00399,Female,0,8,No,DSL,83.72,637.89,No
CUST00400,Male,0,64,No,DSL,28.58,1359.98,No
CUST00401,Male,0,47,No,DSL,66.14,3041.45,No
CUST00402,Female,0,15,No,Fiber optic,89.33,1343.12,No
CUST00403,Female,0,0,No,Fiber optic,109.2,,Yes
CUST00404,Male,0,69,Yes,Fiber optic,65.79,4409.68,No
CUST00405,Male,0,56,Yes,No,85.7,5263.05,No
CUST00406,Male,0,22,Yes,Fiber optic,49.41,1295.09,No
CUST00407,Male,0,0,No,DSL,98.24,,Yes
CUST00408,Female,0,7,No,Fiber optic,71.16,,Yes
CUST00409,Male,1,10,No,Fiber optic,63.42,688.33,No
CUST00410,Female,0,60,Yes,Fiber optic,32.67,2245.3,No
CUST00411,Male,0,56,No,DSL,69.29,4252.44,No
CUST00412,Male,0,2,Yes,Fiber optic,100.33,210.9,Yes
CUST00413,Female,1,4,No,Fiber optic,75.48,,Yes
CUST00414,Male,0,62,Yes,No,93.96,5554.96,No
CUST00415,Female,0,8,No,Fiber optic,64.32,593.23,Yes
CUST00416,Female,0,43,No,Fiber optic,86.46,3376.06,No
CUST00417,Male,0,1,Yes,No,93.93,97.68,No
CUST00418,Male,0,10,No,DSL,71.22,,Yes
CUST00419,Female,0,38,Yes,Fiber optic,99.24,3976.66,No
CUST00420,Female,0,9,No,No,104.16,913.94,No
CUST00421,Male,1,4,Yes,Fiber optic,74.23,259.21,Yes
CUST00422,Female,0,50,No,Fiber optic,40.93,2441.98,No
CUST00423,Female,0,27,Yes,Fiber optic,52.53,1456.25,No
CUST00424,Female,0,11,No,No,73.94,915.85,Yes
CUST00425,Female,0,51,No,Fiber optic,49.56,2442.5,No
CUST00426,Female,0,40,No,Fiber optic,64.76,2195.65,No
CUST00427,Female,0,20,Yes,DSL,59.34,1256.68,No
CUST00428,Female,1,53,Yes,DSL,74.35,3909.6,No
CUST00429,Female,1,59,No,DSL,60.1,3988.05,No
CUST00430,Male,0,63,Yes,DSL,48.64,3089.47,No
CUST00431,Male,0,69,Yes,Fiber optic,78.32,5808.79,No
CUST00432,Female,0,41,Yes,DSL,71.98,3328.46,No
CUST00433,Male,0,61,Yes,No,57.59,4119.07,No
CUST00434,Female,0,34,No,DSL,67.36,,No
CUST00435,Female,0,41,Yes,DSL,79.07,3119.72,No
CUST00436,Male,1,27,Yes,DSL,60.96,,No
CUST00437,Female,0,2,Yes,Fiber optic,106.89,203.13,No
CUST00438,Male,0,20,Yes,DSL,79.51,1529.28,No
CUST00439,Female,0,12,Yes,Fiber optic,76.07,988.16,No
CUST00440,Female,1,4,No,Fiber optic,106.79,395.99,Yes
CUST00441,Male,0,31,No,Fiber optic,49.55,1489.88,No
CUST00442,Male,0,8,Yes,DSL,100.8,844.52,Yes
CUST00443,Male,1,56,Yes,Fiber optic,22.58,1815.44,Yes
CUST00444,Female,0,48,No,No,50.67,2593.6,No
CUST00445,Male,0,46,Yes,Fiber optic,38.86,1905.84,Yes
CUST00446,Female,0,7,Yes,No,93.94,703.83,No
CUST00447,Male,1,62,No,No,81.26,5357.82,Yes
CUST00448,Male,1,60,Yes,Fiber optic,34.85,1946.18,No
CUST00449,Male,0,38,No,Fiber optic,39.73,1888.99,No
CUST00450,Male,0,41,Yes,DSL,26.51,991.8,No
CUST00451,Female,1,6,Yes,No,71.17,430.28,No
CUST00452,Male,0,38,Yes,Fiber optic,90.54,3694.21,No
CUST00453,Female,0,29,Yes,DSL,49.37,1385.34,No
CUST00454,Male,0,25,No,Fiber optic,80.41,1796.32,Yes
CUST00455,Male,0,63,No,No,20.44,1494.93,No
CUST00456,Female,1,9,Yes,Fiber optic,88.85,787.1,Yes
CUST00457,Female,0,8,No,Fiber optic,104.76,884.95,No
CUST00458,Female,0,37,Yes,Fiber optic,38.3,1208.54,Yes
CUST00459,Male,0,3,No,Fiber optic,75.68,202.5,No
CUST00460,Female,1,49,No,DSL,43.91,2493.92,No
CUST00461,Female,0,2,Yes,No,109.04,229.37,Yes
CUST00462,Female,0,9,Yes,DSL,97.05,797.3,Yes
CUST00463,Female,0,13,No,No,82.05,1171.84,No
CUST00464,Male,1,42,No,DSL,29.03,1476.45,No
CUST00465,Female,0,11,Yes,Fiber optic,101.25,1197.18,No
CUST00466,Female,0,16,No,DSL,86.22,1506.35,No
CUST00467,Female,0,10,No,Fiber optic,91.35,979.85,Yes
CUST00468,Male,0,54,Yes,Fiber optic,25.62,1251.57,No
CUST00469,Female,0,3,Yes,DSL,61.39,162.12,No
CUST00470,Female,1,0,Yes,DSL,105.42,,No
CUST00471,Female,1,21,Yes,No,66.14,1190.32,No
CUST00472,Male,0,54,Yes,DSL,82.08,4854.85,No
CUST00473,Female,0,68,No,DSL,54.03,4162.89,No
CUST00474,Female,0,0,Yes,DSL,97.56,,Yes
CUST00475,Female,1,1,Yes,Fiber optic,106.01,102.25,Yes
CUST00476,Female,0,22,No,No,89.7,1871.11,No
CUST00477,Female,0,26,No,DSL,56.42,,No
CUST00478,Male,0,69,Yes,Fiber optic,24.63,1332.4,Yes
CUST00479,Male,0,34,Yes,DSL,59.16,1715.42,No
CUST00480,Male,0,45,Yes,DSL,44.26,1967.84,No
CUST00481,Male,0,70,Yes,No,25.04,1133.73,No
CUST00482,Female,0,12,Yes,DSL,80.02,968.47,No
CUST00483,Male,0,36,No,No,23.55,640.8,No
CUST00484,Female,0,19,Yes,Fiber optic,27.35,701.15,No
CUST00485,Male,0,32,No,No,90.38,2729.19,No
CUST00486,Female,0,65,Yes,Fiber optic,97.94,6229.76,No
CUST00487,Male,0,4,Yes,Fiber optic,71.14,290.52,Yes
CUST00488,Female,0,61,No,No,51.51,2783.7,No
CUST00489,Male,0,64,Yes,DSL,49.11,3254.74,No
CUST00490,Male,1,11,Yes,DSL,96.91,1046.84,No
CUST00491,Male,0,13,No,DSL,63.54,912.93,No
CUST00492,Male,0,19,No,Fiber optic,56.0,1177.0,Yes
CUST00493,Male,0,49,No,Fiber optic,86.84,4002.26,Yes
CUST00494,Male,1,70,Yes,Fiber optic,67.71,5005.26,Yes
CUST00495,Female,0,29,Yes,No,70.6,2238.54,No
CUST00496,Female,0,34,No,Fiber optic,63.04,1903.54,No
CUST00497,Male,0,44,No,DSL,20.99,905.53,No
CUST00498,Female,0,0,Yes,No,98.83,,Yes
CUST00499,Female,1,34,No,DSL,77.45,2666.79,No
CUST00500,Female,0,59,Yes,DSL,88.38,5402.43,No
CUST00501,Female,0,8,Yes,DSL,104.39,913.06,Yes
CUST00502,Female,1,13,No,DSL,22.88,280.58,No
CUST00503,Female,0,23,No,DSL,35.76,679.77,No
CUST00504,Male,0,11,No,Fiber optic,64.88,812.11,No
CUST00505,Male,0,65,No,DSL,99.69,6265.61,No
CUST00506,Male,1,6,Yes,Fiber optic,64.92,404.6,No
CUST00507,Female,0,6,No,DSL,78.9,502.95,No
CUST00508,Female,0,11,Yes,Fiber optic,65.1,744.62,No
CUST00509,Female,1,0,Yes,No,80.61,,Yes
CUST00510,Female,0,45,Yes,Fiber optic,47.98,1737.27,Yes
CUST00511,Male,0,69,Yes,Fiber optic,98.71,6467.74,No
CUST00512,Female,1,54,No,Fiber optic,85.73,4612.28,No
CUST00513,Female,0,60,Yes,Fiber optic,88.12,5760.33,No
CUST00514,Male,0,57,No,No,20.32,963.37,No
CUST00515,Female,0,25,No,Fiber optic,47.15,1248.86,Yes
CUST00516,Male,0,2,No,No,64.11,125.79,No
CUST00517,Female,1,10,No,DSL,89.57,,Yes
CUST00518,Female,0,10,Yes,DSL,61.08,575.59,No
CUST00519,Female,1,17,Yes,Fiber optic,67.16,1302.73,Yes
CUST00520,Female,0,72,Yes,DSL,73.65,4884.51,No
CUST00521,Female,0,60,Yes,Fiber optic,22.1,774.32,No
CUST00522,Male,0,65,Yes,No,30.75,2447.58,No
CUST00523,Female,0,66,No,DSL,90.75,5341.48,No
CUST00524,Female,0,36,Yes,DSL,52.39,1679.08,No
CUST00525,Male,0,4,Yes,DSL,61.99,210.89,No
CUST00526,Female,0,30,Yes,No,88.27,2744.28,No
CUST00527,Female,1,58,No,DSL,79.15,4628.54,No
CUST00528,Male,0,39,No,DSL,93.67,3845.7,No
CUST00529,Male,0,6,No,Fiber optic,78.1,462.13,Yes
CUST00530,Male,0,1,No,DSL,91.29,86.29,Yes
CUST00531,Male,0,7,No,Fiber optic,109.05,815.0,No
CUST00532,Female,0,56,No,DSL,45.0,2788.7,No
CUST00533,Male,0,5,Yes,No,109.42,527.17,No
CUST00534,Male,0,66,Yes,Fiber optic,73.68,4575.37,No
CUST00535,Male,0,38,Yes,No,42.18,1475.36,No
CUST00536,Female,0,59,Yes,Fiber optic,78.7,4775.11,No
CUST00537,Male,1,46,Yes,No,54.26,2134.05,Yes
CUST00538,Male,0,37,No,Fiber optic,55.62,1860.27,No
CUST00539,Male,1,58,Yes,Fiber optic,78.06,4856.96,Yes
CUST00540,Male,0,2,Yes,DSL,80.34,156.62,Yes
CUST00541,Female,0,56,No,DSL,89.49,4675.63,No
CUST00542,Male,0,7,Yes,DSL,67.42,489.32,No
CUST00543,Male,0,16,No,No,35.21,605.59,No
CUST00544,Female,0,69,Yes,No,80.78,5250.37,No
CUST00545,Male,0,58,Yes,DSL,96.34,6054.0,No
CUST00546,Male,0,58,No,DSL,35.72,2297.83,No
CUST00547,Male,0,51,Yes,No,20.98,1013.82,No
CUST00548,Female,0,0,Yes,Fiber optic,101.24,,Yes
CUST00549,Female,0,11,No,DSL,75.92,890.08,No
CUST00550,Female,0,1,Yes,No,79.52,84.76,Yes
CUST00551,Male,0,48,Yes,No,70.46,3765.11,No
CUST00552,Female,0,12,Yes,Fiber optic,43.8,444.49,No
CUST00553,Male,0,1,No,Fiber optic,66.11,,No
CUST00554,Female,0,71,Yes,Fiber optic,98.05,6794.0,No
CUST00555,Male,0,26,No,Fiber optic,95.64,2258.15,No
CUST00556,Female,0,3,Yes,Fiber optic,74.96,196.56,No
CUST00557,Female,0,68,No,Fiber optic,84.56,5483.96,No
CUST00558,Male,0,13,Yes,No,68.65,963.57,No
CUST00559,Male,1,68,Yes,Fiber optic,57.94,4088.99,Yes
CUST00560,Female,0,63,No,No,53.13,2888.96,No
CUST00561,Male,0,2,Yes,No,88.05,168.52,Yes
CUST00562,Male,0,53,Yes,Fiber optic,75.03,4080.88,No
CUST00563,Male,0,2,No,DSL,101.7,207.52,Yes
CUST00564,Female,0,9,Yes,DSL,87.09,836.61,No
CUST00565,Female,0,63,No,DSL,90.51,5175.3,No
CUST00566,Female,0,12,Yes,No,91.75,1116.12,No
CUST00567,Female,0,0,Yes,DSL,92.54,,Yes
CUST00568,Female,1,43,Yes,Fiber optic,64.64,3014.19,No
CUST00569,Male,0,38,Yes,DSL,38.33,1794.5,No
CUST00570,Male,0,27,No,Fiber optic,81.07,2012.13,No
CUST00571,Male,0,3,No,Fiber optic,89.82,292.32,No
CUST00572,Female,0,11,Yes,Fiber optic,103.1,1243.81,No
CUST00573,Male,0,5,No,Fiber optic,99.77,527.6,Yes
CUST00574,Male,0,11,Yes,DSL,69.89,752.83,No
CUST00575,Male,0,7,No,DSL,75.83,580.58,No
CUST00576,Male,0,44,No,DSL,73.91,3600.9,No
CUST00577,Female,1,10,Yes,DSL,73.66,,No
CUST00578,Male,0,0,Yes,Fiber optic,70.55,,Yes
CUST00579,Male,1,59,No,DSL,29.64,1624.12,No
CUST00580,Female,1,58,Yes,Fiber optic,70.88,3552.79,No
CUST00581,Female,0,0,Yes,DSL,83.62,,Yes
CUST00582,Male,0,31,Yes,DSL,72.15,2276.9,No
CUST00583,Female,0,30,No,Fiber optic,36.36,1070.45,Yes
CUST00584,Female,1,51,No,DSL,58.31,3015.7,Yes
CUST00585,Female,1,20,No,No,76.81,1491.2,Yes
CUST00586,Male,0,3,Yes,Fiber optic,99.05,309.28,No
CUST00587,Female,1,38,No,Fiber optic,63.23,2441.47,Yes
CUST00588,Female,0,23,No,DSL,50.64,1167.6,No
CUST00589,Male,0,8,Yes,DSL,80.96,717.42,Yes
CUST00590,Male,0,72,No,No,24.69,2358.32,No
CUST00591,Male,0,8,Yes,Fiber optic,86.64,673.24,Yes
CUST00592,Female,0,7,No,DSL,109.59,790.75,No
CUST00593,Male,0,6,No,No,73.45,419.86,Yes
CUST00594,Female,0,62,No,Fiber optic,79.11,,Yes
CUST00595,Female,0,64,No,Fiber optic,43.64,2289.68,No
CUST00596,Female,0,12,Yes,Fiber optic,94.88,1064.31,Yes
CUST00597,Female,0,15,Yes,DSL,45.9,661.05,No
CUST00598,Male,0,45,Yes,Fiber optic,43.62,1580.47,No
CUST00599,Female,1,52,No,Fiber optic,40.16,2250.77,No
CUST00600,Female,0,25,Yes,Fiber optic,44.69,1343.68,Yes
CUST00601,Female,0,6,No,Fiber optic,88.02,473.2,Yes
CUST00602,Female,0,21,Yes,Fiber optic,34.55,879.18,No
CUST00603,Male,0,72,Yes,DSL,27.65,2205.32,No
CUST00604,Female,0,0,No,Fiber optic,75.41,,Yes
CUST00605,Female,0,8,Yes,No,79.82,590.27,Yes
CUST00606,Male,0,5,Yes,DSL,86.52,403.18,Yes
CUST00607,Female,0,67,Yes,Fiber optic,27.99,2157.9,No
CUST00608,Male,0,45,Yes,DSL,45.84,2355.14,No
CUST00609,Male,0,26,Yes,Fiber optic,75.22,1995.26,No
CUST00610,Female,0,19,No,DSL,45.9,734.51,No
CUST00611,Female,1,29,Yes,DSL,83.01,2261.27,Yes
CUST00612,Male,0,5,Yes,No,77.64,377.61,Yes
CUST00613,Female,0,34,No,DSL,66.77,1969.87,No
CUST00614,Male,0,3,No,DSL,64.59,168.34,No
CUST00615,Female,0,5,No,DSL,105.96,562.37,No
CUST00616,Male,0,8,No,Fiber optic,84.7,625.43,No
CUST00617,Male,0,23,Yes,No,26.75,730.64,No
CUST00618,Male,0,3,No,Fiber optic,83.76,280.39,Yes
CUST00619,Male,0,36,No,Fiber optic,73.19,2483.94,No
CUST00620,Female,0,41,Yes,DSL,52.22,1747.25,No
CUST00621,Female,0,29,Yes,DSL,49.39,1648.54,No
CUST00622,Female,0,45,No,DSL,29.22,1200.51,No
CUST00623,Male,0,53,No,DSL,54.67,2897.27,No
CUST00624,Female,1,31,No,No,24.32,,No
CUST00625,Female,1,20,Yes,No,37.72,805.51,Yes
CUST00626,Male,0,3,No,Fiber optic,101.52,285.71,Yes
CUST00627,Male,1,0,Yes,DSL,62.67,,No
CUST00628,Female,0,13,No,DSL,26.14,250.59,No
CUST00629,Female,0,19,No,Fiber optic,30.67,718.18,Yes
CUST00630,Female,0,66,No,Fiber optic,40.86,2620.85,No
CUST00631,Male,1,60,No,DSL,86.48,4893.79,No
CUST00632,Male,1,8,Yes,DSL,97.43,739.4,Yes
CUST00633,Female,0,60,No,No,73.68,,No
CUST00634,Male,0,46,Yes,Fiber optic,37.93,,No
CUST00635,Male,0,52,Yes,DSL,24.26,1489.52,No
CUST00636,Male,0,71,Yes,Fiber optic,79.13,6058.41,Yes
CUST00637,Male,0,10,No,DSL,61.98,536.55,No
CUST00638,Male,0,9,No,DSL,95.66,918.33,Yes
CUST00639,Male,0,19,Yes,Fiber optic,86.33,1730.89,No
CUST00640,Male,0,16,No,Fiber optic,78.83,1195.3,No
CUST00641,Male,0,64,Yes,DSL,75.77,4690.81,No
CUST00642,Female,1,4,Yes,Fiber optic,69.2,303.34,Yes
CUST00643,Female,0,4,Yes,Fiber optic,79.52,353.91,Yes
CUST00644,Male,0,59,No,No,39.19,1795.81,No
CUST00645,Female,1,11,Yes,Fiber optic,86.97,922.26,No
CUST00646,Female,0,32,No,No,54.76,1690.5,No
CUST00647,Female,0,14,No,Fiber optic,77.5,1072.72,Yes
CUST00648,Male,0,20,No,DSL,62.02,1242.97,No
CUST00649,Female,0,3,No,DSL,61.32,161.7,No
CUST00650,Female,0,24,Yes,DSL,42.41,812.85,No
CUST00651,Female,0,9,Yes,Fiber optic,66.01,648.15,No
CUST00652,Female,0,33,No,DSL,38.62,1545.97,No
CUST00653,Male,0,5,Yes,Fiber optic,83.22,459.47,No
CUST00654,Female,0,32,Yes,Fiber optic,51.59,1333.37,No
CUST00655,Female,0,0,Yes,No,90.71,,No
CUST00656,Male,0,8,Yes,Fiber optic,70.84,598.39,No
CUST00657,Male,0,26,Yes,No,76.93,2052.24,No
CUST00658,Female,0,25,Yes,No,84.33,2349.58,No
CUST00659,Male,0,25,No,DSL,94.12,2312.19,No
CUST00660,Female,1,32,No,DSL,94.95,2855.01,Yes
CUST00661,Female,1,50,Yes,DSL,20.64,1054.85,Yes
CUST00662,Female,1,68,Yes,Fiber optic,57.61,4085.45,Yes
CUST00663,Male,0,10,Yes,Fiber optic,74.3,723.38,Yes
CUST00664,Female,0,8,No,DSL,108.57,856.57,Yes
CUST00665,Male,0,12,Yes,DSL,67.11,895.63,No
CUST00666,Male,1,6,No,DSL,71.77,436.17,No
CUST00667,Female,0,4,No,Fiber optic,96.76,355.19,No
CUST00668,Male,0,3,Yes,DSL,87.76,258.84,Yes
CUST00669,Male,0,53,No,DSL,71.77,3427.96,No
CUST00670,Female,1,40,Yes,Fiber optic,29.74,1277.51,No
CUST00671,Male,0,57,No,Fiber optic,88.72,4981.64,No
CUST00672,Female,0,48,Yes,Fiber optic,62.35,2745.18,No
CUST00673,Male,0,30,Yes,Fiber optic,90.35,,No
CUST00674,Female,1,64,Yes,Fiber optic,93.11,5847.62,No
CUST00675,Female,0,11,Yes,No,77.61,918.04,Yes
CUST00676,Female,0,18,No,No,31.93,,No
CUST00677,Female,0,12,No,No,70.35,826.71,No
CUST00678,Female,0,3,No,DSL,71.35,243.82,Yes
CUST00679,Male,0,43,Yes,No,31.47,942.77,No
CUST00680,Female,1,33,Yes,No,66.11,2028.39,Yes
CUST00681,Male,0,3,No,No,106.28,297.81,Yes
CUST00682,Female,0,7,No,No,68.44,481.48,No
CUST00683,Female,0,41,Yes,DSL,84.89,3547.62,No
CUST00684,Female,1,45,Yes,Fiber optic,85.89,3551.7,No
CUST00685,Male,1,57,Yes,Fiber optic,50.73,3103.28,No
CUST00686,Female,0,44,No,DSL,34.82,1448.18,No
CUST00687,Female,0,0,Yes,Fiber optic,69.83,,No
CUST00688,Male,1,71,Yes,DSL,24.05,1266.61,Yes
CUST00689,Male,0,24,No,Fiber optic,62.74,1615.68,Yes
CUST00690,Male,0,62,No,DSL,46.93,,No
CUST00691,Female,1,43,Yes,DSL,75.32,2896.11,Yes
CUST00692,Male,0,66,Yes,DSL,66.43,4286.81,No
CUST00693,Male,0,27,No,Fiber optic,38.64,1060.81,No
CUST00694,Male,0,13,Yes,DSL,93.3,1126.2,No
CUST00695,Male,0,8,No,DSL,105.24,786.98,Yes
CUST00696,Male,0,65,Yes,No,76.88,4771.75,No
CUST00697,Male,0,12,Yes,DSL,74.02,885.62,No
CUST00698,Male,0,1,Yes,No,97.05,104.38,Yes
CUST00699,Female,0,47,No,DSL,93.78,4479.95,No
CUST00700,Male,0,29,No,No,66.12,1640.63,No
CUST00701,Female,0,12,No,No,54.71,598.34,No
CUST00702,Male,0,61,Yes,DSL,63.17,3598.03,No
CUST00703,Male,0,1,No,DSL,74.77,74.91,Yes
CUST00704,Male,0,0,Yes,DSL,68.06,,No
CUST00705,Male,0,66,No,Fiber optic,83.81,5307.41,No
CUST00706,Female,0,6,No,No,62.21,381.83,No
CUST00707,Female,1,7,Yes,DSL,85.69,577.52,Yes
CUST00708,Female,0,36,No,Fiber optic,81.65,2667.31,Yes
CUST00709,Male,1,72,Yes,DSL,34.07,2155.29,No
CUST00710,Female,0,27,No,DSL,65.84,1603.76,No
CUST00711,Female,0,2,No,Fiber optic,105.84,209.31,No
CUST00712,Female,0,9,Yes,Fiber optic,101.47,934.87,Yes
CUST00713,Female,0,2,No,No,86.43,159.28,Yes
CUST00714,Female,0,2,Yes,DSL,97.31,193.05,Yes
CUST00715,Female,0,4,No,DSL,68.62,287.0,No
CUST00716,Male,0,66,No,Fiber optic,70.78,4023.64,No
CUST00717,Female,1,5,Yes,DSL,98.35,446.94,No
CUST00718,Female,0,37,Yes,DSL,21.75,611.76,No
CUST00719,Male,1,11,No,Fiber optic,107.34,1072.6,Yes
CUST00720,Male,1,68,No,DSL,51.22,3007.3,No
CUST00721,Female,1,7,No,Fiber optic,82.03,561.95,No
CUST00722,Female,0,24,No,Fiber optic,82.75,,No
CUST00723,Female,0,65,No,Fiber optic,24.46,1952.11,No
CUST00724,Male,0,57,No,No,59.48,3883.78,No
CUST00725,Female,0,39,No,DSL,81.32,2799.33,No
CUST00726,Male,0,58,Yes,DSL,79.73,5166.44,No
CUST00727,Male,0,10,Yes,DSL,62.49,666.24,No
CUST00728,Female,0,14,No,No,56.35,878.1,No
CUST00729,Female,0,72,No,Fiber optic,53.49,3837.94,No
CUST00730,Male,0,11,Yes,DSL,96.58,1101.2,Yes
CUST00731,Female,1,36,No,DSL,82.89,3192.01,No
CUST00732,Female,0,47,Yes,Fiber optic,79.73,4172.54,No
CUST00733,Female,0,4,No,Fiber optic,101.28,412.49,Yes
CUST00734,Female,0,49,Yes,Fiber optic,29.35,1123.23,Yes
CUST00735,Female,1,53,Yes,DSL,79.72,3712.11,No
CUST00736,Female,0,48,Yes,DSL,86.17,4254.79,No
CUST00737,Female,1,26,Yes,No,60.4,1415.2,No
CUST00738,Female,0,61,Yes,Fiber optic,53.1,2766.09,No
CUST00739,Male,0,12,No,Fiber optic,36.45,319.08,No
CUST00740,Male,0,6,Yes,Fiber optic,71.6,472.03,No
CUST00741,Female,0,22,No,DSL,65.43,1427.5,No
CUST00742,Female,0,66,Yes,No,36.44,3016.41,No
CUST00743,Female,0,8,Yes,DSL,107.78,834.41,Yes
CUST00744,Male,0,38,Yes,DSL,54.39,1740.75,No
CUST00745,Female,1,43,No,No,61.84,2254.5,Yes
CUST00746,Female,1,26,No,DSL,70.53,1698.4,No
CUST00747,Male,0,14,No,Fiber optic,48.71,658.99,No
CUST00748,Female,1,8,No,No,107.84,855.59,No
CUST00749,Male,0,66,Yes,Fiber optic,42.28,3118.09,Yes
CUST00750,Female,0,14,No,DSL,49.46,728.31,No
CUST00751,Male,0,4,Yes,DSL,90.58,341.27,Yes
CUST00752,Female,0,9,Yes,No,86.56,740.28,No
CUST00753,Female,0,0,Yes,DSL,66.64,,No
CUST00754,Female,1,62,Yes,Fiber optic,28.42,2246.29,No
CUST00755,Female,1,65,No,Fiber optic,83.53,5414.66,No
CUST00756,Female,0,55,No,DSL,54.17,2758.45,No
CUST00757,Female,0,54,No,DSL,42.3,2416.36,No
CUST00758,Male,0,49,No,No,40.58,1537.97,No
CUST00759,Female,0,3,Yes,DSL,102.3,323.68,Yes
CUST00760,Female,0,11,Yes,DSL,95.62,1059.91,No
CUST00761,Male,0,0,Yes,DSL,78.47,,No
CUST00762,Female,0,3,No,DSL,107.17,307.22,No
CUST00763,Male,0,8,Yes,Fiber optic,101.39,863.4,Yes
CUST00764,Male,0,29,Yes,Fiber optic,21.64,361.31,Yes
CUST00765,Male,0,66,Yes,DSL,21.03,1816.29,No
CUST00766,Male,0,16,No,No,97.1,1651.96,No
CUST00767,Female,0,5,Yes,Fiber optic,108.11,554.37,Yes
CUST00768,Female,0,5,No,Fiber optic,94.96,485.46,No
CUST00769,Male,0,10,Yes,Fiber optic,67.47,600.74,No
CUST00770,Male,1,58,Yes,Fiber optic,46.48,2380.18,Yes
CUST00771,Female,0,1,Yes,DSL,88.79,94.61,Yes
CUST00772,Female,0,24,Yes,Fiber optic,35.56,1041.83,No
CUST00773,Male,0,1,No,DSL,89.24,90.78,Yes
CUST00774,Female,0,0,Yes,DSL,71.16,,Yes
CUST00775,Male,0,32,No,DSL,31.58,1156.98,No
CUST00776,Male,0,70,No,Fiber optic,82.44,5595.88,Yes
CUST00777,Female,0,10,No,DSL,76.64,839.42,Yes
CUST00778,Female,0,38,No,No,76.5,2732.73,No
CUST00779,Female,0,24,No,DSL,38.47,1105.84,No
CUST00780,Male,0,1,No,DSL,94.53,,No
CUST00781,Female,0,60,Yes,Fiber optic,95.81,5343.54,Yes
CUST00782,Female,0,6,Yes,DSL,95.96,522.92,Yes
CUST00783,Male,1,58,Yes,DSL,36.36,1885.08,No
CUST00784,Male,1,5,Yes,No,68.47,329.64,No
CUST00785,Female,0,3,No,DSL,87.59,243.22,Yes
CUST00786,Male,0,3,Yes,Fiber optic,87.61,287.5,No
CUST00787,Female,0,7,No,Fiber optic,109.84,794.53,No
CUST00788,Female,0,64,Yes,Fiber optic,57.59,3754.41,No
CUST00789,Female,0,57,Yes,Fiber optic,87.15,4839.74,Yes
CUST00790,Male,1,6,Yes,DSL,89.19,,No
CUST00791,Male,0,20,No,DSL,31.76,495.32,No
CUST00792,Female,0,0,No,Fiber optic,73.42,,Yes
CUST00793,Male,1,32,No,Fiber optic,25.27,869.21,Yes
CUST00794,Female,0,54,No,Fiber optic,28.63,1640.19,No
CUST00795,Female,0,1,Yes,No,75.57,78.61,Yes
CUST00796,Female,0,8,No,DSL,63.04,533.69,No
CUST00797,Female,0,9,No,DSL,80.25,696.46,No
CUST00798,Male,0,9,Yes,DSL,77.84,662.32,No
CUST00799,Male,1,17,No,Fiber optic,94.21,1615.4,Yes
CUST00800,Male,0,63,No,Fiber optic,38.83,2865.27,No
CUST00801,Female,0,15,No,Fiber optic,32.91,566.29,Yes
CUST00802,Female,0,7,Yes,No,82.7,562.81,Yes
CUST00803,Male,0,6,No,DSL,82.95,552.97,Yes
CUST00804,Male,0,57,Yes,DSL,40.78,1906.4,No
CUST00805,Female,0,12,Yes,No,86.94,1004.01,No
CUST00806,Male,1,18,No,Fiber optic,66.91,1383.66,Yes
CUST00807,Male,1,7,No,Fiber optic,70.23,554.53,Yes
CUST00808,Female,1,49,Yes,DSL,98.45,4388.72,Yes
CUST00809,Female,0,31,Yes,No,66.12,2024.77,No
CUST00810,Male,0,4,No,Fiber optic,88.55,321.55,No
CUST00811,Male,0,10,No,DSL,79.77,854.27,Yes
CUST00812,Female,0,34,No,DSL,93.5,2935.74,No
CUST00813,Male,0,8,Yes,DSL,70.61,533.71,Yes
CUST00814,Male,0,44,Yes,DSL,28.18,1124.97,No
CUST00815,Male,1,40,No,DSL,83.46,3211.24,Yes
CUST00816,Male,1,64,No,Fiber optic,62.29,4348.71,Yes
CUST00817,Female,0,8,No,No,65.25,476.94,No
CUST00818,Female,0,51,No,Fiber optic,85.85,4467.59,No
CUST00819,Male,0,5,Yes,Fiber optic,86.93,473.95,Yes
CUST00820,Male,0,8,Yes,DSL,77.52,613.89,Yes
CUST00821,Female,0,64,Yes,No,68.8,4807.61,No
CUST00822,Female,1,2,No,Fiber optic,108.07,201.2,No
CUST00823,Male,1,7,No,Fiber optic,94.65,686.02,Yes
CUST00824,Male,0,69,No,Fiber optic,62.96,5028.86,Yes
CUST00825,Female,0,17,Yes,Fiber optic,75.71,1415.84,No
CUST00826,Male,0,0,Yes,DSL,100.71,,No
CUST00827,Female,0,0,No,Fiber optic,61.31,,Yes
CUST00828,Male,0,50,No,DSL,37.45,2294.65,No
CUST00829,Female,0,11,No,DSL,92.69,1122.41,Yes
CUST00830,Female,0,1,No,No,76.94,78.8,Yes
CUST00831,Male,0,15,No,DSL,48.33,870.22,No
CUST00832,Female,0,57,No,No,96.89,5919.04,No
CUST00833,Male,0,5,Yes,DSL,61.27,279.33,No
CUST00834,Male,0,60,Yes,DSL,49.53,3539.36,No
CUST00835,Male,1,0,No,DSL,72.61,,Yes
CUST00836,Male,0,50,Yes,Fiber optic,25.92,826.66,No
CUST00837,Female,0,9,No,No,64.71,627.2,No
CUST00838,Male,0,40,No,Fiber optic,71.99,3126.0,Yes
CUST00839,Male,0,8,Yes,Fiber optic,87.57,656.21,Yes
CUST00840,Female,0,63,No,DSL,63.93,3740.53,No
CUST00841,Female,0,21,No,No,20.12,411.7,No
CUST00842,Female,0,37,Yes,Fiber optic,78.72,2985.78,No
CUST00843,Male,0,53,Yes,DSL,47.0,2674.37,No
CUST00844,Female,0,15,No,DSL,43.4,726.56,No
CUST00845,Female,1,1,Yes,No,93.83,102.24,Yes
CUST00846,Female,0,54,No,DSL,90.78,4485.93,No
CUST00847,Male,0,8,Yes,Fiber optic,108.11,845.59,No
CUST00848,Female,0,2,Yes,DSL,96.41,209.09,Yes
CUST00849,Female,0,6,No,No,86.24,572.33,Yes
CUST00850,Male,0,70,Yes,Fiber optic,91.7,7108.02,No
CUST00851,Male,0,9,No,Fiber optic,84.02,679.98,Yes
CUST00852,Female,0,16,Yes,Fiber optic,88.96,1553.36,No
CUST00853,Male,0,10,No,No,85.4,833.54,Yes
CUST00854,Female,1,35,No,DSL,91.63,2882.32,No
CUST00855,Female,1,54,No,No,31.39,2199.49,No
CUST00856,Male,0,67,No,Fiber optic,52.31,3330.09,No
CUST00857,Female,1,65,No,DSL,89.42,5742.89,Yes
CUST00858,Female,0,6,Yes,No,62.54,,No
CUST00859,Male,1,34,Yes,No,50.69,1492.44,No
CUST00860,Female,0,24,No,Fiber optic,26.8,734.87,Yes
CUST00861,Female,0,5,No,Fiber optic,73.44,414.91,Yes
CUST00862,Female,0,13,No,Fiber optic,82.87,,No
CUST00863,Female,0,69,No,DSL,54.24,3112.55,No
CUST00864,Female,0,1,Yes,Fiber optic,92.27,90.9,Yes
CUST00865,Male,0,9,Yes,DSL,67.17,567.92,No
CUST00866,Female,0,9,Yes,No,92.1,812.59,Yes
CUST00867,Female,1,67,No,DSL,40.67,3297.54,No
CUST00868,Male,0,35,No,No,20.71,968.98,No
CUST00869,Male,0,27,No,Fiber optic,34.63,1152.52,No
CUST00870,Female,0,37,No,DSL,88.24,3250.83,No
CUST00871,Male,0,12,No,Fiber optic,82.17,930.0,No
CUST00872,Female,0,5,No,DSL,67.73,318.08,No
CUST00873,Male,0,17,Yes,Fiber optic,77.29,1214.87,Yes
CUST00874,Male,0,6,No,Fiber optic,60.15,373.47,No
CUST00875,Male,0,4,No,Fiber optic,70.52,307.67,Yes
CUST00876,Female,0,0,No,Fiber optic,67.51,,No
CUST00877,Male,0,16,Yes,No,95.73,1666.87,No
CUST00878,Male,0,5,No,DSL,100.77,545.85,No
CUST00879,Female,0,26,Yes,No,28.31,765.0,No
CUST00880,Male,0,50,No,DSL,48.11,2600.81,No
CUST00881,Male,0,53,No,No,39.19,1554.12,No
CUST00882,Female,0,12,No,DSL,65.96,843.58,No
CUST00883,Male,0,16,Yes,DSL,44.52,636.05,No
CUST00884,Male,0,71,Yes,Fiber optic,92.9,6275.79,Yes
CUST00885,Male,1,0,No,DSL,72.78,,No
CUST00886,Female,0,17,No,Fiber optic,87.06,1446.23,Yes
CUST00887,Female,0,67,No,Fiber optic,70.89,,Yes
CUST00888,Male,0,29,No,Fiber optic,67.86,2098.53,No
CUST00889,Male,0,5,No,DSL,62.13,311.63,No
CUST00890,Female,0,60,Yes,DSL,68.27,4162.42,No
CUST00891,Female,0,48,Yes,DSL,80.68,3636.69,No
CUST00892,Male,0,67,No,Fiber optic,52.91,2910.89,Yes
CUST00893,Male,0,42,No,Fiber optic,48.74,1991.72,No
CUST00894,Male,0,35,No,No,53.66,1626.44,No
CUST00895,Male,0,2,No,Fiber optic,86.07,179.37,Yes
CUST00896,Female,0,10,No,No,61.41,568.32,No
CUST00897,Male,0,66,Yes,Fiber optic,48.53,3801.26,No
CUST00898,Male,0,5,Yes,No,71.14,375.53,Yes
CUST00899,Female,0,9,No,Fiber optic,75.95,772.08,Yes
CUST00900,Female,0,56,No,DSL,32.49,1658.13,No
CUST00901,Male,1,62,Yes,Fiber optic,27.99,2209.7,No
CUST00902,Female,0,1,No,DSL,85.12,81.07,Yes
CUST00903,Female,0,63,No,No,24.35,1240.87,No
CUST00904,Male,0,27,Yes,Fiber optic,54.35,1228.58,No
CUST00905,Female,0,36,Yes,No,39.3,,No
CUST00906,Male,0,51,No,Fiber optic,78.83,3541.34,No
CUST00907,Female,0,72,No,Fiber optic,36.68,2679.36,No
CUST00908,Male,1,3,Yes,DSL,62.79,159.18,Yes
CUST00909,Female,0,5,Yes,DSL,98.18,471.28,Yes
CUST00910,Female,0,24,No,Fiber optic,79.5,1707.77,No
CUST00911,Male,0,17,No,DSL,31.99,495.74,No
CUST00912,Female,0,72,No,Fiber optic,32.02,,No
CUST00913,Male,0,39,Yes,DSL,32.62,1366.2,No
CUST00914,Male,0,5,Yes,DSL,99.61,534.09,No
CUST00915,Female,0,43,No,DSL,46.19,1616.4,No
CUST00916,Female,0,1,No,Fiber optic,87.42,85.72,Yes
CUST00917,Female,1,43,Yes,Fiber optic,78.66,3605.84,Yes
CUST00918,Male,0,11,Yes,Fiber optic,103.64,1218.97,No
CUST00919,Female,1,37,No,DSL,72.78,2827.22,No
CUST00920,Female,0,4,No,Fiber optic,108.92,421.13,Yes
CUST00921,Female,1,65,No,No,37.19,2408.07,Yes
CUST00922,Male,0,66,No,Fiber optic,53.46,,No
CUST00923,Female,0,6,No,No,60.09,317.47,No
CUST00924,Male,0,11,No,No,76.0,,Yes
CUST00925,Female,1,54,Yes,Fiber optic,39.3,2075.22,Yes
CUST00926,Male,0,8,Yes,No,85.31,744.97,No
CUST00927,Female,0,7,No,DSL,104.64,759.48,No
CUST00928,Male,0,57,No,No,48.81,2629.55,No
CUST00929,Male,0,57,Yes,DSL,50.18,3052.34,No
CUST00930,Male,0,57,Yes,Fiber optic,57.54,3602.1,Yes
CUST00931,Male,0,0,Yes,DSL,94.86,,Yes
CUST00932,Female,1,12,Yes,DSL,80.07,926.2,No
CUST00933,Female,0,62,Yes,No,48.23,2908.37,No
CUST00934,Female,0,39,Yes,DSL,39.2,1188.72,No
CUST00935,Male,0,0,No,DSL,73.92,,No
CUST00936,Female,0,0,Yes,No,108.1,,No
CUST00937,Male,0,37,Yes,No,45.71,1419.97,No
CUST00938,Female,0,40,No,Fiber optic,81.1,3618.25,No
CUST00939,Female,0,11,Yes,Fiber optic,95.21,979.63,Yes
CUST00940,Male,0,35,No,Fiber optic,50.65,1709.57,Yes
CUST00941,Female,0,65,No,No,50.68,3935.09,No
CUST00942,Male,0,34,No,DSL,32.83,1414.08,No
CUST00943,Male,0,13,Yes,DSL,96.05,1215.08,No
CUST00944,Female,0,48,No,DSL,71.45,3782.02,No
CUST00945,Male,0,7,Yes,DSL,79.09,610.86,No
CUST00946,Female,0,50,No,DSL,22.5,1121.25,No
CUST00947,Female,0,46,Yes,Fiber optic,52.06,1997.7,No
CUST00948,Male,0,49,Yes,Fiber optic,77.17,4076.72,Yes
CUST00949,Female,0,55,No,DSL,92.84,5241.51,No
CUST00950,Female,0,67,No,Fiber optic,91.57,5596.08,No
CUST00951,Female,1,57,No,Fiber optic,98.08,5527.74,Yes
CUST00952,Male,0,40,Yes,No,63.75,2199.75,No
CUST00953,Male,0,55,Yes,DSL,89.15,4620.66,No
CUST00954,Female,0,2,No,DSL,65.77,137.38,No
CUST00955,Male,0,8,Yes,DSL,72.54,598.48,No
CUST00956,Female,0,71,Yes,Fiber optic,49.03,3334.25,Yes
CUST00957,Male,1,72,No,DSL,83.84,6431.75,No
CUST00958,Female,0,69,No,DSL,28.08,2428.08,No
CUST00959,Female,0,20,Yes,Fiber optic,66.42,,No
CUST00960,Female,0,3,Yes,DSL,97.0,291.68,Yes
CUST00961,Female,0,21,Yes,DSL,69.36,1281.16,No
CUST00962,Male,0,4,Yes,No,70.43,272.08,Yes
CUST00963,Male,0,4,No,DSL,107.42,463.86,No
CUST00964,Female,0,8,Yes,Fiber optic,62.29,443.07,No
CUST00965,Female,0,12,No,No,74.34,829.07,No
CUST00966,Female,0,19,Yes,Fiber optic,39.68,868.53,No
CUST00967,Female,0,9,Yes,No,98.69,810.18,Yes
CUST00968,Male,0,12,No,No,34.98,413.49,No
CUST00969,Female,0,15,Yes,DSL,88.39,1210.78,No
CUST00970,Female,0,63,Yes,DSL,66.3,4184.31,No
CUST00971,Female,0,21,No,DSL,57.44,1072.73,No
CUST00972,Female,0,25,Yes,No,33.02,711.33,No
CUST00973,Male,0,7,No,DSL,68.17,470.13,No
CUST00974,Female,0,37,Yes,Fiber optic,82.8,3328.11,No
CUST00975,Male,0,20,Yes,Fiber optic,89.28,1901.51,Yes
CUST00976,Male,0,67,Yes,Fiber optic,88.49,,No
CUST00977,Male,0,32,Yes,No,64.58,2011.86,No
CUST00978,Female,1,24,No,DSL,34.69,1050.77,No
CUST00979,Male,0,69,Yes,DSL,85.76,5244.64,No
CUST00980,Male,0,30,No,DSL,37.6,1023.86,No
CUST00981,Female,0,3,Yes,Fiber optic,66.44,212.37,Yes
CUST00982,Female,0,40,No,Fiber optic,24.53,1323.63,Yes
CUST00983,Male,0,56,No,No,27.0,1931.27,No
CUST00984,Female,1,53,No,Fiber optic,60.56,3065.95,Yes
CUST00985,Male,0,10,Yes,DSL,67.6,600.89,No
CUST00986,Female,0,7,Yes,Fiber optic,67.57,457.28,Yes
CUST00987,Female,0,46,Yes,Fiber optic,62.9,3294.16,No
CUST00988,Male,0,1,Yes,DSL,60.77,60.08,No
CUST00989,Male,0,7,Yes,DSL,81.47,623.4,Yes
CUST00990,Female,0,15,Yes,DSL,81.83,1144.22,No
CUST00991,Female,0,9,Yes,Fiber optic,85.4,702.2,Yes
CUST00992,Male,0,4,Yes,Fiber optic,64.9,248.28,Yes
CUST00993,Male,1,40,Yes,No,93.57,3764.8,No
CUST00994,Male,0,53,No,Fiber optic,26.29,1916.66,Yes
CUST00995,Female,0,6,Yes,DSL,66.85,425.26,No
CUST00996,Female,0,65,No,DSL,28.14,1416.63,No
CUST00997,Female,0,51,Yes,Fiber optic,99.79,4705.8,No
CUST00998,Female,0,1,No,DSL,96.41,98.88,Yes
CUST00999,Male,0,12,No,Fiber optic,33.09,394.86,Yes
CUST01000,Female,0,15,Yes,Fiber optic,87.36,,No
